<?xml version="1.0" encoding="UTF-8"?>
<project-private xmlns="http://www.netbeans.org/ns/project-private/1">
    <editor-bookmarks xmlns="http://www.netbeans.org/ns/editor-bookmarks/2" lastBookmarkId="0"/>
    <open-files xmlns="http://www.netbeans.org/ns/projectui-open-files/2">
        <group>
            <file>file:/C:/0-Data/Bowling/BABowlingApp/BABowlingApp/index.php</file>
            <file>file:/C:/0-Data/Bowling/BABowlingApp/BABowlingApp/scheduledGames.php</file>
            <file>file:/C:/0-Data/Bowling/BABowlingApp/BABowlingApp/ScoreKeeperLogin.php</file>
            <file>file:/C:/0-Data/Bowling/BABowlingApp/BABowlingApp/accessors/TeamAccessor.php</file>
            <file>file:/C:/0-Data/Bowling/BABowlingApp/BABowlingApp/adminIndex.php</file>
            <file>file:/C:/0-Data/Bowling/BABowlingApp/BABowlingApp/guestScript.js</file>
            <file>file:/C:/0-Data/Bowling/BABowlingApp/BABowlingApp/api/getAllPlayers.php</file>
            <file>file:/C:/0-Data/Bowling/BABowlingApp/BABowlingApp/guestIndex.php</file>
        </group>
    </open-files>
</project-private>
